<DATA>,<SCHNEIDER>,<SIEMENS>
31.12.2020,120.2,117.18
30.12.2020,120.7,119.22
29.12.2020,120.85,118.4
28.12.2020,118.15,114.78
24.12.2020,117.1,114.42
23.12.2020,117.5,115.94
22.12.2020,116.45,116.5
21.12.2020,115.5,116.62
18.12.2020,116.1,115.38
17.12.2020,116.6,112.5
16.12.2020,117.4,113.84
15.12.2020,116.65,113.06
14.12.2020,115.95,114.02
11.12.2020,114.4,114.72
10.12.2020,115.2,112.64
09.12.2020,116,112.3
08.12.2020,114.1,111.28
07.12.2020,113.65,112.68
04.12.2020,112.7,112.72
03.12.2020,114.85,112.4
02.12.2020,116.2,112.28
01.12.2020,117.3,111.34
30.11.2020,118.85,112.9
27.11.2020,117,112.74
26.11.2020,118.85,112.87
25.11.2020,118.65,110.3
24.11.2020,120.85,109.74
23.11.2020,121.3,109.16
20.11.2020,118.6,110.48
19.11.2020,116.55,111.72
18.11.2020,117.35,113.26
17.11.2020,117.4,113.14
16.11.2020,118.15,114.9
13.11.2020,117.1,118.04
12.11.2020,117,115.3
11.11.2020,119.15,110.84
10.11.2020,118,109.3
09.11.2020,115.05,107.86
06.11.2020,112.95,105.28
05.11.2020,112.75,104.31
04.11.2020,109.45,101.62
03.11.2020,108.6,98.55
02.11.2020,104.45,99.99
30.10.2020,101.475,103.9
29.10.2020,103.15,107.74
28.10.2020,104.4,108.92
27.10.2020,106.7,108.08
26.10.2020,108.65,108.3
23.10.2020,108.8,111.27
22.10.2020,109.55,109.28
21.10.2020,108.275,111.16
20.10.2020,108.1,109.42
19.10.2020,109.25,111.12
16.10.2020,109.35,111.52
15.10.2020,109.9,112.88
14.10.2020,111.25,110.5
13.10.2020,110.55,111.08
12.10.2020,109.3,109.54
09.10.2020,107.95,108.42
08.10.2020,108.2,107.74
07.10.2020,107.55,106.12
06.10.2020,107.9,104.6
05.10.2020,107.15,108.74
02.10.2020,105.35,107.44
01.10.2020,107.45,109.71
30.09.2020,107.85,104.66
29.09.2020,106.4,102.53201
28.09.2020,103.75,99.79157
25.09.2020,103.2,104.28084
24.09.2020,101.65,101.23391
23.09.2020,103.05,106.31814
22.09.2020,101.55,107.2196
21.09.2020,104.65,105.95755
18.09.2020,106.45,105.11018
17.09.2020,105.825,105.2454
16.09.2020,108.1,106.33617
15.09.2020,107.15,106.15587
14.09.2020,107.25,106.76887
11.09.2020,106.1,104.3169
10.09.2020,107.45,105.52485
09.09.2020,103.75,104.33493
08.09.2020,105.15,104.98398
07.09.2020,103.1,107.74244
04.09.2020,103.85,105.88544
03.09.2020,107.1,105.29047
02.09.2020,105.1,106.66069
01.09.2020,104.45,106.64266
31.08.2020,105.55,108.06697
28.08.2020,105.55,106.80493
27.08.2020,107.5,107.59821
26.08.2020,105.25,105.25441
25.08.2020,105.55,105.09215
24.08.2020,104.4,105.12821
21.08.2020,103.5,105.02004
20.08.2020,103.1,103.93828
19.08.2020,103.2,104.0104
18.08.2020,103.75,105.615
17.08.2020,102.6,106.51646
14.08.2020,104.05,105.34456
13.08.2020,104.5,105.11018
12.08.2020,104.1,104.89383
11.08.2020,103.1,102.7123
10.08.2020,103.15,102.76639
07.08.2020,101.7,99.79157
06.08.2020,101.4,101.68463
05.08.2020,100.95,97.86245
04.08.2020,101.65,98.89011
03.08.2020,98.48,103.10894
31.07.2020,99.8,102.11734
30.07.2020,100.95,102.19847
29.07.2020,103.45,100.69303
28.07.2020,100.6,102.51398
27.07.2020,98.86,103.54164
24.07.2020,99.2,103.86617
23.07.2020,101.2,103.64982
22.07.2020,100.6,100.76515
21.07.2020,101.8,100.87332
20.07.2020,101,100.09807
17.07.2020,100.8,99.12449
16.07.2020,100,96.63646
15.07.2020,97.68,98.205
14.07.2020,97.58,94.52705
13.07.2020,97.76,95.98741
10.07.2020,95.78,96.88887
09.07.2020,98.22,97.01507
08.07.2020,97.62,97.14128
07.07.2020,98.5,96.05953
06.07.2020,99.86,94.40084
03.07.2020,98.48,94.54508
02.07.2020,97.44,93.76982
01.07.2020,99.28,91.38095
30.06.2020,98.78,92.88639
29.06.2020,97.1,90.77697
26.06.2020,97.76,93.51741
25.06.2020,95.96,92.90442
24.06.2020,96.64,92.43566
23.06.2020,96.46,92.79624
22.06.2020,94.96,91.71449
19.06.2020,95.32,91.42603
18.06.2020,95.2,90.00172
17.06.2020,94.93,85.55752
16.06.2020,95.54,87.88329
15.06.2020,88.32,91.66041
12.06.2020,89.98,97.06916
11.06.2020,92.54,97.3396
10.06.2020,95.14,96.63646
09.06.2020,95.06,95.46456
08.06.2020,97.25,93.78785
05.06.2020,94.96,92.65201
04.06.2020,93.44,90.47048
03.06.2020,91.58,88.18077
02.06.2020,90.36,90.59668
01.06.2020,90.24,88.88391
29.05.2020,88.1,87.83822
28.05.2020,88.96,85.13384
27.05.2020,86.48,83.37599
26.05.2020,86.32,84.10617
25.05.2020,85.1,83.2588
22.05.2020,80.94,83.87179
21.05.2020,83.1,79.68001
20.05.2020,82.48,76.62406
19.05.2020,84.1,76.82238
18.05.2020,79.46,78.08442
15.05.2020,78.32,78.87771
14.05.2020,78.98,80.67161
13.05.2020,80.18,77.52552
12.05.2020,80.44,73.9918
11.05.2020,80.58,75.53329
08.05.2020,80.06,74.28027
07.05.2020,80.12,74.34337
06.05.2020,81.54,79.97749
05.05.2020,80.52,76.34461
04.05.2020,80.84,73.78446
30.04.2020,86.28,72.17986
29.04.2020,84.24,71.20629
28.04.2020,82.68,71.56687
27.04.2020,82.02,70.5933
24.04.2020,80.9,72.17986
23.04.2020,83.63,73.52304
22.04.2020,82.42,72.55848
21.04.2020,82.92,71.74716
20.04.2020,83.64,74.64986
17.04.2020,81.72,74.4876
16.04.2020,80.24,74.58676
15.04.2020,82.44,75.04651
14.04.2020,82.12,76.49786
09.04.2020,82.72,71.67505
08.04.2020,80.7,68.57403
07.04.2020,83.74,66.69899
06.04.2020,77.66,67.55538
03.04.2020,73.14,68.78136
02.04.2020,74.88,66.35644
01.04.2020,76.76,67.52833
31.03.2020,79.5,67.17676
30.03.2020,79.64,71.55786
27.03.2020,78.7,65.41892
26.03.2020,76.76,57.69341
25.03.2020,79.98,58.1802
24.03.2020,70.36,54.76367
23.03.2020,65.71,58.81122
20.03.2020,74.2,62.32691
19.03.2020,72.8,59.37012
18.03.2020,70.16,64.80593
17.03.2020,73,67.98808
16.03.2020,67.64,73.13541
13.03.2020,72.16,73.52304
12.03.2020,75.04,73.73037
11.03.2020,82.48,79.34647
10.03.2020,83.54,83.26331
09.03.2020,81.32,82.91625
06.03.2020,93.16,83.07851
05.03.2020,97.5,84.39464
04.03.2020,94.82,83.07851
03.03.2020,94,87.00887
02.03.2020,101.5,88.6315
28.02.2020,90.38,91.04741
27.02.2020,95.58,92.41763
26.02.2020,95.84,95.33836
25.02.2020,99.18,96.22179
24.02.2020,98.96,96.51026
21.02.2020,102.35,96.34799
20.02.2020,99.48,95.69894
19.02.2020,97.48,96.76267
18.02.2020,97.54,98.04274
17.02.2020,97.3,98.98026
14.02.2020,97.6,97.97062
13.02.2020,96.44,97.42975
12.02.2020,95.84,97.80836
11.02.2020,96.06,99.88172
10.02.2020,95.12,100.17018
07.02.2020,95.76,101.05361
06.02.2020,95.94,100.40456
05.02.2020,93.24,102.60412
04.02.2020,92.3,103.90223
03.02.2020,90.7,103.8842
31.01.2020,92.09,104.22675
30.01.2020,92.14,104.92989
29.01.2020,92.28,104.85777
28.01.2020,92.12,104.17266
27.01.2020,92.23,105.66909
24.01.2020,93.38,104.98398
23.01.2020,92.66,105.16427
22.01.2020,93.98,105.12821
21.01.2020,93.62,104.11858
20.01.2020,94.14,104.65945
17.01.2020,93.92,104.17266
16.01.2020,92.24,105.11018
15.01.2020,92.48,106.61562
14.01.2020,91.86,106.44434
13.01.2020,91.72,104.33493
10.01.2020,91.84,104.92989
09.01.2020,93.2,103.66785
08.01.2020,91.76,105.92149
07.01.2020,92.66,105.00201
06.01.2020,91.76,106.1739
03.01.2020,92.44,105.92149
02.01.2020,92.26,106.01164
31.12.2019,91.64,105.7412
30.12.2019,92.2,105.29047
27.12.2019,92.34,106.26405
24.12.2019,92.1,107.72441
23.12.2019,92.16,106.39025
20.12.2019,91.92,107.32777
19.12.2019,91.7,105.65106
18.12.2019,91.98,103.92025
17.12.2019,93.74,104.02843
16.12.2019,93.07,105.41668
13.12.2019,94.3,105.03806
12.12.2019,90.63,106.13785
11.12.2019,89.46,105.3085
10.12.2019,90.38,104.8758
09.12.2019,90.48,105.59697
06.12.2019,89.06,105.27244
05.12.2019,88.24,105.29047
04.12.2019,86.56,106.37222
03.12.2019,86.62,104.67748
02.12.2019,87.72,104.35296
29.11.2019,88.22,103.32529
28.11.2019,88.08,103.12697
27.11.2019,88.38,102.42383
26.11.2019,87.34,103.4515
25.11.2019,86.94,102.62215
22.11.2019,85.58,103.59573
21.11.2019,86.1,103.09091
20.11.2019,86.8,102.31566
19.11.2019,88,101.86493
18.11.2019,88.2,100.64796
15.11.2019,87.64,102.55004
14.11.2019,87.27,98.34923
13.11.2019,87.54,97.53792
12.11.2019,87.48,96.61843
11.11.2019,87.2,95.10398
08.11.2019,86.58,93.42727
07.11.2019,86.74,94.52705
06.11.2019,86.54,94.88763
05.11.2019,85.52,94.79748
04.11.2019,84.4,94.0042
01.11.2019,83.42,93.71573
31.10.2019,84.12,93.93208
30.10.2019,84.64,92.45369
29.10.2019,84.66,91.9669
28.10.2019,83.68,90.16398
25.10.2019,83.7,89.29858
24.10.2019,84.34,90.30822
23.10.2019,83.28,90.45245
22.10.2019,83.24,89.94763
21.10.2019,81.82,88.95603
18.10.2019,81.82,87.08099
17.10.2019,81.88,86.1615
16.10.2019,81.62,85.6657
15.10.2019,80.76,86.91873
14.10.2019,80.24,85.71979
11.10.2019,78.26,85.84599
10.10.2019,76.88,87.07198
09.10.2019,75.22,88.92898
08.10.2019,77.4,87.7661
07.10.2019,76.72,86.80154
04.10.2019,75.86,86.68886
03.10.2019,75.6,85.98121
02.10.2019,77.9,87.08099
01.10.2019,80.82,88.24387
30.09.2019,79.5,87.8292
27.09.2019,78.78,86.91873
26.09.2019,77.53,87.53172
25.09.2019,76.84,86.77449
24.09.2019,79.2,86.93676
23.09.2019,80.24,87.08099
20.09.2019,81.1,88.27993
19.09.2019,80.68,86.89168
18.09.2019,80.24,85.2961
17.09.2019,80.54,83.6284
16.09.2019,80.86,82.84413
13.09.2019,80.5,82.92526
12.09.2019,79.8,81.2215
11.09.2019,79.34,81.47391
10.09.2019,77.88,81.82548
09.09.2019,77.24,81.2215
06.09.2019,76.16,80.11271
05.09.2019,75.48,80.39216
04.09.2019,75.08,79.7972
03.09.2019,75.4,79.3645
02.09.2019,76.22,80.63105
30.08.2019,74.94,80.12172
29.08.2019,73.08,78.92278
28.08.2019,73.3,78.66136
27.08.2019,73.64,78.1926
26.08.2019,72.9,76.84492
23.08.2019,74.54,78.09344
22.08.2019,74.04,80.38315
21.08.2019,73,79.66198
20.08.2019,72.82,80.94205
19.08.2019,73.6,81.25756
16.08.2019,71.78,82.16804
15.08.2019,72.76,80.81585
14.08.2019,74.06,81.31165
13.08.2019,72.68,82.37537
12.08.2019,73.64,83.79968
09.08.2019,73.88,85.74683
08.08.2019,74.02,89.97468
07.08.2019,73.12,91.38997
06.08.2019,72.46,90.9753
05.08.2019,73.26,91.28179
02.08.2019,76.42,92.68807
01.08.2019,77.36,92.00296
31.07.2019,77.4,90.14595
30.07.2019,79.22,89.59606
29.07.2019,78.94,89.90256
26.07.2019,79.5,89.7403
25.07.2019,80.32,90.32624
24.07.2019,77.82,89.83044
23.07.2019,76.79,89.18139
22.07.2019,76,89.54198
19.07.2019,76.76,91.20968
18.07.2019,76.84,91.28179
17.07.2019,77.88,90.84909
16.07.2019,76.92,92.3996
15.07.2019,77.14,94.51803
12.07.2019,76.56,94.95073
11.07.2019,77.31,94.70734
10.07.2019,76.88,95.74402
09.07.2019,77.6,94.97778
08.07.2019,77.5,93.55347
05.07.2019,78.7,93.62559
04.07.2019,80.68,94.14843
03.07.2019,80.36,95.35639
02.07.2019,81.04,95.53668
01.07.2019,79.96,95.64486
28.06.2019,79.08,96.43814
27.06.2019,78.56,95.46456
26.06.2019,77.8,92.81427
25.06.2019,77.88,94.27464
24.06.2019,78.8,94.63522
21.06.2019,78.02,94.3107
20.06.2019,77.9,94.68029
19.06.2019,77.32,94.50902
18.06.2019,74.8,93.64362
17.06.2019,75.09,94.09435
14.06.2019,74.73,93.76982
13.06.2019,73.92,91.98493
12.06.2019,73.96,91.09249
11.06.2019,73.92,92.02099
10.06.2019,73.24,93.5715
07.06.2019,72.16,94.14843
06.06.2019,72.44,95.09497
05.06.2019,72.26,95.50062
04.06.2019,71.08,94.18449
03.06.2019,70.46,95.39245
31.05.2019,70.56,96.1677
30.05.2019,71.54,97.35763
29.05.2019,72.78,97.01507
28.05.2019,73.74,97.8985
27.05.2019,74.04,94.8696
24.05.2019,72.44,95.75303
23.05.2019,72.62,94.72537
22.05.2019,73.3,96.65449
21.05.2019,72.5,95.41048
20.05.2019,72.6,95.62683
17.05.2019,72.88,96.20376
16.05.2019,72.12,94.52705
15.05.2019,72.22,92.16522
14.05.2019,70.82,94.69832
13.05.2019,71.3,95.87924
10.05.2019,72.12,95.19413
09.05.2019,71.76,94.72537
08.05.2019,72.58,95.12201
07.05.2019,73.74,94.92369
06.05.2019,72.82,94.83354
03.05.2019,73.56,95.98741
02.05.2019,74.84,95.48259
30.04.2019,74.74,94.45493
29.04.2019,76.38,93.51741
26.04.2019,76.58,93.5715
25.04.2019,76.46,92.23734
24.04.2019,76.36,91.98493
23.04.2019,76.88,90.86712
18.04.2019,75.98,91.57026
17.04.2019,73.86,91.82267
16.04.2019,73.7,90.95727
15.04.2019,73.5,90.38935
12.04.2019,72.96,90.10539
11.04.2019,73.32,88.47825
10.04.2019,72.92,87.2703
09.04.2019,72.55,86.44997
08.04.2019,72.56,86.31475
05.04.2019,72.44,85.42231
04.04.2019,72.74,85.80993
03.04.2019,71.98,85.41329
02.04.2019,70.58,88.80278
01.04.2019,70.82,87.62187
29.03.2019,69.24,89.48789
28.03.2019,68.86,88.70362
27.03.2019,69,88.47375
26.03.2019,68.5,87.2703
25.03.2019,68.24,86.74745
22.03.2019,70.36,86.44095
21.03.2019,70.06,86.69336
20.03.2019,70.86,85.99022
19.03.2019,70.32,86.38687
18.03.2019,70.3,87.18015
15.03.2019,69.82,87.13508
14.03.2019,69.34,87.66694
13.03.2019,68.92,87.3965
12.03.2019,69.06,87.31537
11.03.2019,68.08,86.60322
08.03.2019,68.76,88.08161
07.03.2019,69.64,87.43256
06.03.2019,69.1,86.97282
05.03.2019,70.06,85.42231
04.03.2019,69.46,85.57555
01.03.2019,68.54,84.7372
28.02.2019,68.06,84.21435
27.02.2019,68.72,85.06623
26.02.2019,69.14,83.11457
25.02.2019,69.74,83.83574
22.02.2019,70.04,83.45712
21.02.2019,69.12,83.89884
20.02.2019,67.88,82.93428
19.02.2019,68.18,83.40304
18.02.2019,67.92,85.31413
15.02.2019,66.16,86.29672
14.02.2019,67.16,85.69725
13.02.2019,63.32,86.08939
12.02.2019,63.48,86.2246
11.02.2019,62.52,86.8376
08.02.2019,62.7,90.2361
07.02.2019,63.76,90.16398
06.02.2019,63.36,90.26314
05.02.2019,62.78,90.01073
04.02.2019,62.44,88.88391
01.02.2019,62.13,89.23548
31.01.2019,62.2,90.3623
30.01.2019,61.44,90.45245
29.01.2019,61.08,88.89292
28.01.2019,60.84,87.43256
25.01.2019,60.48,88.52333
24.01.2019,59.38,88.64052
23.01.2019,59.78,87.69398
22.01.2019,60.17,89.19942
21.01.2019,60.16,88.54136
18.01.2019,58.82,89.1273
17.01.2019,58.08,88.1988
16.01.2019,58.64,89.97468
15.01.2019,59.44,86.80154
14.01.2019,58.14,87.75709
11.01.2019,60.24,87.4596
10.01.2019,59.88,86.89168
09.01.2019,60.38,88.27993
08.01.2019,57.96,88.39712
07.01.2019,60.34,88.6315
04.01.2019,58.12,90.52457
03.01.2019,58.58,89.54198
02.01.2019,58.82,90.50654
31.12.2018,59.48,89.56902
28.12.2018,58.56,90.02876
27.12.2018,58.8,88.48727
24.12.2018,57.66,88.02752
21.12.2018,58.7,87.68497
20.12.2018,59.06,88.43318
19.12.2018,60.8,90.14595
18.12.2018,60.2,91.73252
17.12.2018,60.96,93.51741
14.12.2018,62.13,93.58953
13.12.2018,63.4,92.56186
12.12.2018,62.02,92.68807
11.12.2018,61.22,92.59792
10.12.2018,61.18,92.63398
07.12.2018,61.08,91.01135
06.12.2018,62.72,90.33526
05.12.2018,63.32,90.68683
04.12.2018,65.18,89.80791
03.12.2018,66.14,89.56
30.11.2018,64.44,91.2277
29.11.2018,63.94,91.69646
28.11.2018,63.4,91.15559
27.11.2018,63.5,91.01135
26.11.2018,62.9,90.5426
23.11.2018,62.16,92.54384
22.11.2018,63.36,92.94048
21.11.2018,63.34,92.16522
20.11.2018,63.02,92.13818
19.11.2018,64.06,92.77821
16.11.2018,64.62,92.50778
15.11.2018,64.07,92.61595
14.11.2018,63.28,91.51617
13.11.2018,63.24,91.38997
12.11.2018,64.38,91.98493
09.11.2018,64.4,90.84909
08.11.2018,64.92,90.76796
07.11.2018,64.2,89.51493
06.11.2018,64.24,89.79438
05.11.2018,64.7,89.61409
02.11.2018,64.82,91.58829
01.11.2018,63.54,91.60632
31.10.2018,63.26,92.43566
30.10.2018,62.28,91.91281
29.10.2018,61.36,90.86712
26.10.2018,61.24,89.51493
25.10.2018,59.66,91.69646
24.10.2018,59.38,91.06544
23.10.2018,58.84,94.04026
22.10.2018,60.7,94.5
19.10.2018,61.5,94.7434
18.10.2018,63.06,96.23982
17.10.2018,63.32,96.25785
16.10.2018,62.28,97.12325
15.10.2018,61.72,99.17858
12.10.2018,63.06,100.15215
11.10.2018,61.88,100.06201
10.10.2018,65.26,100.91839
09.10.2018,65.48,100.09807
08.10.2018,66,99.48507
05.10.2018,67.34,99.55719
04.10.2018,67.6,98.33121
03.10.2018,67.9,98.47544
02.10.2018,68.46,98.27712
01.10.2018,69.42,98.22303
28.09.2018,69.74,98.79996
27.09.2018,69.38,98.58361
26.09.2018,69.64,98.04274
25.09.2018,69.68,97.88048
24.09.2018,70.16,97.59201
21.09.2018,70.02,97.69117
20.09.2018,68.83,97.71821
19.09.2018,68.68,98.87208
18.09.2018,69.22,100.65697
17.09.2018,68.34,100.74712
14.09.2018,68.1,101.88296
13.09.2018,68.22,102.26157
12.09.2018,67.24,102.47792
11.09.2018,66.28,102.51398
10.09.2018,65.1,101.5404
07.09.2018,67.3,101.01755
06.09.2018,67.3,99.79157
05.09.2018,68.54,99.52113
04.09.2018,70.3,99.46704
03.09.2018,70.1,99.16055
31.08.2018,70.72,99.35887
30.08.2018,70.9,99.16055
29.08.2018,71.32,100.15215
28.08.2018,71.08,99.75551
27.08.2018,69.9,99.77354
24.08.2018,69.28,100.675
23.08.2018,69.28,100.76515
22.08.2018,68.92,101.12573
21.08.2018,68.34,100.72909
20.08.2018,67.9,100.66599
17.08.2018,67.28,103.00077
16.08.2018,67.08,104.82171
15.08.2018,68.24,109.11266
14.08.2018,68.52,108.57179
13.08.2018,67.82,108.57179
10.08.2018,68.75,108.93237
09.08.2018,69.36,106.9762
08.08.2018,69.22,106.51646
07.08.2018,68.32,105.63303
06.08.2018,68.44,104.80368
03.08.2018,67.46,106.22799
02.08.2018,68.18,106.80493
01.08.2018,68.94,105.81332
31.07.2018,68.76,104.8758
30.07.2018,68.98,104.92989
27.07.2018,68.78,105.09215
26.07.2018,68.9,104.57832
25.07.2018,69.96,104.83974
24.07.2018,69.38,104.64142
23.07.2018,69.44,104.46113
20.07.2018,71.02,103.80306
19.07.2018,71.76,102.70328
18.07.2018,70.82,102.67624
17.07.2018,69.96,101.99113
16.07.2018,70,100.5488
13.07.2018,69.96,102.04522
12.07.2018,69.48,102.49595
11.07.2018,70.23,101.23391
10.07.2018,70.52,102.4058
09.07.2018,69.88,104.56931
06.07.2018,69.38,103.39741
05.07.2018,69.74,105.41668
04.07.2018,70.44,105.29047
03.07.2018,70.38,105.45274
02.07.2018,70.7,107.25565
29.06.2018,71.28,108.91434
28.06.2018,70.7,106.37222
27.06.2018,69.9,104.56931
26.06.2018,70.16,104.76763
25.06.2018,71.3,103.42445
22.06.2018,71.57,101.36011
21.06.2018,72.46,102.38777
20.06.2018,73.14,101.9731
19.06.2018,73.06,101.86493
18.06.2018,74.78,102.55004
15.06.2018,76.22,101.21588
14.06.2018,74.08,102.20748
13.06.2018,74.38,101.88296
12.06.2018,74.44,101.95507
11.06.2018,74.14,104.82171
08.06.2018,73.82,104.00139
07.06.2018,74.28,104.65945
06.06.2018,73.9,105.86741
05.06.2018,74.76,106.30011
04.06.2018,76.56,105.99361
01.06.2018,74.5,105.27244
31.05.2018,73.92,104.91186
30.05.2018,73.96,104.09153
29.05.2018,75.38,104.3169
28.05.2018,77,104.74058
25.05.2018,76.92,103.97434
24.05.2018,76.6,101.90099
23.05.2018,77.92,98.72785
22.05.2018,78.28,98.27712
21.05.2018,77.87,97.24945
18.05.2018,77.08,97.30354
17.05.2018,76.2,95.68091
16.05.2018,75.7,94.47296
15.05.2018,74.5,94.83354
14.05.2018,75.6,94.47296
11.05.2018,76.44,94.8696
10.05.2018,75.2,97.71821
09.05.2018,75.22,97.62807
08.05.2018,75,97.12325
07.05.2018,74.88,96.20376
04.05.2018,74.2,95.04088
03.05.2018,73.28,94.16646
02.05.2018,73.22,94.7434
30.04.2018,74.61,94.59916
27.04.2018,74.7,93.42727
26.04.2018,73.9,94.32873
25.04.2018,75.14,95.20314
24.04.2018,76.04,94.79748
23.04.2018,75.12,93.90504
20.04.2018,74.36,92.3996
19.04.2018,74.65,92.03902
18.04.2018,71.6,92.54384
17.04.2018,70.52,92.16522
16.04.2018,70.9,91.04741
13.04.2018,70.64,91.9669
12.04.2018,69.85,91.75055
11.04.2018,70.62,92.34551
10.04.2018,70.62,94.7434
09.04.2018,69.76,95.71697
06.04.2018,69.54,94.65325
05.04.2018,70.22,96.0415
04.04.2018,69.86,95.46456
03.04.2018,70.84,95.21216
29.03.2018,70.3,94.36478
28.03.2018,69.46,96.34799
27.03.2018,70.26,96.18573
26.03.2018,69.12,95.41048
23.03.2018,69.56,94.29267
22.03.2018,71.66,93.39121
21.03.2018,72.66,94.65325
20.03.2018,71.56,92.2734
19.03.2018,71.78,94.95975
16.03.2018,71.42,97.35763
15.03.2018,71.27,98.47544
14.03.2018,70.7,99.83664
13.03.2018,70.98,100.38653
12.03.2018,71.74,100.09807
09.03.2018,70.78,99.35887
08.03.2018,69.94,101.20686
07.03.2018,69.39,100.15215
06.03.2018,70.2,101.1077
05.03.2018,68.26,100.04398
02.03.2018,70.2,99.55719
01.03.2018,71.4,98.27712
28.02.2018,71.72,98.40332
27.02.2018,72.14,97.88048
26.02.2018,72.32,98.25909
23.02.2018,72.34,100.45865
22.02.2018,71.88,101.37814
21.02.2018,72.3,98.79996
20.02.2018,71.88,102.96471
19.02.2018,72.4,105.11018
16.02.2018,72.84,107.85062
15.02.2018,70.94,110.80741
14.02.2018,69.46,109.09463
13.02.2018,69.44,109.6896
12.02.2018,70.13,109.96003
09.02.2018,69.06,110.73529
08.02.2018,70.76,113.07908
07.02.2018,70.72,112.43003
06.02.2018,69.48,111.56463
05.02.2018,72.5,110.91558
02.02.2018,74.08,110.69923
01.02.2018,75.7,110.50091
31.01.2018,74.88,110.44682
30.01.2018,75.24,110.46485
29.01.2018,75.52,109.2569
26.01.2018,74.94,108.98646
25.01.2018,75.56,109.63551
24.01.2018,76.3,109.22084
23.01.2018,76.2,108.89631
22.01.2018,75.5,108.01288
19.01.2018,74.86,105.66909
18.01.2018,74.98,104.4431
17.01.2018,74.7,104.55128
16.01.2018,74.64,105.20033
15.01.2018,74.72,106.28208
12.01.2018,74,106.01164
11.01.2018,73.89,105.7412
10.01.2018,74.42,105.47077
09.01.2018,73.82,107.31876
08.01.2018,73.2,108.03992
05.01.2018,72.47,105.83135
04.01.2018,71.34,104.38901
03.01.2018,69.96,104.70452
02.01.2018,71.02,105.02004
29.12.2017,71.36,105.7412
28.12.2017,71.7,104.56931
27.12.2017,72.29,103.39741
22.12.2017,72.15,102.13536
21.12.2017,71.12,101.14376
20.12.2017,71.39,102.1579
19.12.2017,72.225,102.99175
18.12.2017,71.72,103.5777
15.12.2017,70.59,103.5777
14.12.2017,70.71,104.29887
13.12.2017,71.06,102.31566
12.12.2017,71,102.58609
11.12.2017,71,102.81146
08.12.2017,71.67,101.77478
07.12.2017,70.73,103.10443
06.12.2017,70.04,103.26219
05.12.2017,71.49,102.81146
04.12.2017,71.625,104.65945
01.12.2017,72.24,104.11858
30.11.2017,72.72,103.62277
29.11.2017,71.98,105.78628
28.11.2017,71.4,105.65106
27.11.2017,71.51,106.32715
24.11.2017,71.74,108.76109
23.11.2017,70.69,111.28518
22.11.2017,70.785,112.50215
21.11.2017,71.14,112.09649
20.11.2017,70.77,112.54722
17.11.2017,71.59,112.56976
16.11.2017,71.03,110.83445
15.11.2017,70.51,108.5808
14.11.2017,70.92,106.95817
13.11.2017,71.49,104.20872
10.11.2017,71.77,104.43409
09.11.2017,73.64,105.02004
08.11.2017,74.28,105.02004
07.11.2017,74.73,106.55252
06.11.2017,74.97,106.95817
03.11.2017,74.51,106.68774
02.11.2017,75.37,107.45398
01.11.2017,75.7,107.72441
31.10.2017,75.1,107.90471
30.10.2017,74.695,107.85963
27.10.2017,73.57,108.26529
26.10.2017,73.09,108.17514
25.10.2017,72.865,108.03992
24.10.2017,72.99,107.90471
23.10.2017,73.15,108.89631
20.10.2017,73.43,108.71602
19.10.2017,72.93,107.45398
18.10.2017,73.135,107.04832
17.10.2017,73.27,106.77788
16.10.2017,73.4,105.78628
13.10.2017,74.01,104.83974
12.10.2017,74.03,104.79467
11.10.2017,74.31,105.65106
10.10.2017,74.12,104.68199
09.10.2017,74.46,104.11858
06.10.2017,73.79,105.2454
05.10.2017,74.17,105.7412
04.10.2017,74.1,105.42569
03.10.2017,73.7,105.15525
02.10.2017,73.68,104.02843
29.09.2017,73,103.93828
28.09.2017,72.39,101.91
27.09.2017,72.32,101.59449
26.09.2017,72.275,101.95507
25.09.2017,72.28,100.2423
22.09.2017,72.585,100.46766
21.09.2017,72.37,99.20562
20.09.2017,72.21,99.34084
19.09.2017,72.11,99.16055
18.09.2017,71.94,98.89011
15.09.2017,72.37,99.38591
14.09.2017,72.58,99.83664
13.09.2017,71,100.82825
12.09.2017,71.47,101.36912
11.09.2017,70,101.79732
08.09.2017,69.15,101.12122
07.09.2017,69.01,99.92679
06.09.2017,68.64,99.79157
05.09.2017,69.25,101.21137
04.09.2017,67.93,99.83664
01.09.2017,67.88,99.79157
31.08.2017,67.1,99.0704
30.08.2017,66.6,97.4027
29.08.2017,66.3,99.47606
28.08.2017,67.15,100.10708
25.08.2017,67.54,100.33245
24.08.2017,67.9,100.78318
23.08.2017,67.84,101.23391
22.08.2017,67.67,103.21712
21.08.2017,67.38,105.42569
18.08.2017,67.16,103.96082
17.08.2017,68.17,103.62277
16.08.2017,67.77,103.71292
15.08.2017,67.55,104.92989
14.08.2017,66.78,105.47077
11.08.2017,66.51,104.7496
10.08.2017,67.89,104.61438
09.08.2017,69.74,106.23701
08.08.2017,69.11,105.51584
07.08.2017,69.01,106.59759
04.08.2017,67.38,106.01164
03.08.2017,67.44,108.62587
02.08.2017,67.06,108.94138
01.08.2017,66.15,110.56401
31.07.2017,66.8,109.0766
28.07.2017,68.05,109.30197
27.07.2017,67,109.48226
26.07.2017,65.48,108.44558
25.07.2017,65.31,109.97806
24.07.2017,65.66,109.97806
21.07.2017,67.35,110.38372
20.07.2017,68.82,109.0766
19.07.2017,68.42,108.5808
18.07.2017,68.225,111.60069
17.07.2017,68.83,111.33025
14.07.2017,69.35,110.47387
13.07.2017,69.22,112.77259
12.07.2017,68,112.32186
11.07.2017,68.36,111.9162
10.07.2017,67.45,112.27678
07.07.2017,67.33,114.62058
06.07.2017,67.86,113.0881
05.07.2017,67.48,113.53883
04.07.2017,67.77,114.03463
03.07.2017,67.62,114.62058
30.06.2017,68.45,114.21492
29.06.2017,69.07,116.19813
28.06.2017,68.77,115.52204
27.06.2017,69.92,114.48536
26.06.2017,70.42,114.80087
23.06.2017,70.26,115.83755
22.06.2017,68.9,115.07131
21.06.2017,68.61,114.39521
20.06.2017,69.37,113.94448
19.06.2017,68.95,113.5839
16.06.2017,67.28,113.49375
15.06.2017,66.7,113.35854
14.06.2017,67.79,114.93609
13.06.2017,67.52,114.16985
12.06.2017,68.23,113.89941
09.06.2017,68.33,114.62058
08.06.2017,68.82,115.7474
07.06.2017,67.61,116.46857
06.06.2017,68,117.14467
05.06.2017,69.58,117.18974
02.06.2017,69.2,117.77569
01.06.2017,68.75,118.00105
31.05.2017,68.91,117.86583
30.05.2017,68.495,118.22642
29.05.2017,68.81,118.0912
26.05.2017,68.99,119.03773
25.05.2017,69.63,118.04613
24.05.2017,68.69,117.82076
23.05.2017,68.51,118.81237
22.05.2017,68.44,118.85744
19.05.2017,68.5,118.76729
18.05.2017,68.5,119.46592
17.05.2017,70.39,119.48846
16.05.2017,70.86,119.30817
15.05.2017,70.15,116.51364
12.05.2017,70.68,113.26839
11.05.2017,70.59,111.78098
10.05.2017,70.97,112.50215
09.05.2017,71.19,114.48536
08.05.2017,72.71,114.03463
05.05.2017,72.8,115.61218
04.05.2017,72.37,114.30507
03.05.2017,72.13,115.83755
02.05.2017,72.68,114.84594
28.04.2017,72.895,114.62058
27.04.2017,73.23,116.24321
26.04.2017,73.51,114.98116
25.04.2017,74.28,115.97277
24.04.2017,73.05,114.66565
21.04.2017,69.9,113.29093
20.04.2017,70.02,113.98956
19.04.2017,67.79,111.19503
18.04.2017,68.66,111.10489
13.04.2017,68.45,111.9162
12.04.2017,69.04,109.93299
11.04.2017,68.36,110.58655
10.04.2017,69.2,112.61483
07.04.2017,68.78,111.87113
06.04.2017,68.15,112.00635
05.04.2017,68.6,112.68244
04.04.2017,68.18,111.01474
03.04.2017,69.15,110.96967
31.03.2017,67.95,110.69923
30.03.2017,67.55,112.00635
29.03.2017,67.1,111.78098
28.03.2017,66.46,111.51054
27.03.2017,66.68,111.87113
24.03.2017,67.18,111.96127
23.03.2017,66.54,112.05142
22.03.2017,66.89,113.35854
21.03.2017,67.9,111.4204
20.03.2017,67,110.33865
17.03.2017,66.73,110.02314
16.03.2017,66.845,110.96967
15.03.2017,65.47,111.55562
14.03.2017,65.43,112.81766
13.03.2017,65.315,109.30197
10.03.2017,64.6,109.34704
09.03.2017,65.13,109.57241
08.03.2017,65.01,109.70762
07.03.2017,65.41,110.9246
06.03.2017,65.4,109.16675
03.03.2017,65.2,108.40051
02.03.2017,65.575,108.22022
01.03.2017,64.39,107.99485
28.02.2017,64.41,107.36383
27.02.2017,64.28,105.7412
24.02.2017,64.85,106.86803
23.02.2017,65.56,107.49905
22.02.2017,66.12,107.81456
21.02.2017,65.15,109.88792
20.02.2017,65.57,106.73281
17.02.2017,66.19,107.49905
16.02.2017,66.8,107.90471
15.02.2017,68.48,108.03992
14.02.2017,68.42,106.10179
13.02.2017,67.69,104.92989
10.02.2017,67.35,104.52423
09.02.2017,67.27,104.65945
08.02.2017,67.26,105.11018
07.02.2017,67.15,104.83974
06.02.2017,67.83,104.7496
03.02.2017,68.19,104.43409
02.02.2017,68.11,104.79467
01.02.2017,66.99,105.38062
31.01.2017,67.32,104.7496
30.01.2017,68.13,105.42569
27.01.2017,68.36,104.34394
26.01.2017,68.73,103.39741
25.01.2017,68.74,103.66785
24.01.2017,67.25,104.79467
23.01.2017,67.14,106.73281
20.01.2017,67.3,104.52423
19.01.2017,67.56,104.68199
18.01.2017,67.44,103.98336
17.01.2017,67.26,104.29887
16.01.2017,67.35,104.11858
13.01.2017,67.6,104.02843
12.01.2017,66.78,103.21712
11.01.2017,66.75,102.72131
10.01.2017,66.58,103.62277
09.01.2017,66.55,104.11858
06.01.2017,65.9,104.92989
05.01.2017,65.56,104.65945
04.01.2017,65.785,104.23126
03.01.2017,66.5,104.20872
02.01.2017,65.64,102.94668
30.12.2016,65.25,102.90161
29.12.2016,65.37,101.14376
28.12.2016,65.38,99.11548
27.12.2016,65.22,98.61967
23.12.2016,65.39,95.01383
22.12.2016,65.27,95.19413
21.12.2016,65.34,95.735
20.12.2016,65.46,95.55471
19.12.2016,65.61,95.32935
16.12.2016,65.29,96.18573
15.12.2016,65,97.04212
14.12.2016,64.91,97.26748
13.12.2016,64.81,97.22241
12.12.2016,64.86,97.53792
09.12.2016,65.03,96.27588
08.12.2016,65.01,97.26748
07.12.2016,64.67,97.17734
06.12.2016,63.86,98.25909
05.12.2016,62.18,98.75489
02.12.2016,62.505,98.16894
01.12.2016,62.68,99.02533
30.11.2016,62.22,95.14905
29.11.2016,61.46,90.07384
28.11.2016,62.13,92.80526
25.11.2016,62.22,92.67004
24.11.2016,61.91,90.91219
23.11.2016,62.24,91.2277
22.11.2016,62.78,91.2277
21.11.2016,62.39,94.15745
18.11.2016,62.44,92.76019
17.11.2016,61.9,93.39121
16.11.2016,61.92,95.46456
15.11.2016,64.05,95.96037
14.11.2016,63.38,96.59139
11.11.2016,64.24,96.18573
10.11.2016,62.42,95.68993
09.11.2016,58.43,95.14905
08.11.2016,60.62,95.37442
07.11.2016,60.09,94.47296
04.11.2016,59.23,94.5631
03.11.2016,59.77,93.5715
02.11.2016,60.07,93.52643
01.11.2016,61.6,94.47296
31.10.2016,60.83,95.01383
28.10.2016,59.29,94.7434
27.10.2016,60.46,94.87862
26.10.2016,62.04,95.68993
25.10.2016,63.21,93.97716
24.10.2016,62.91,93.79686
21.10.2016,62.97,91.94887
20.10.2016,63.12,94.5631
19.10.2016,62.65,93.93208
18.10.2016,62.23,94.24759
17.10.2016,61.95,94.87862
14.10.2016,61.05,96.05051
13.10.2016,61.29,94.42789
12.10.2016,62.12,94.42789
11.10.2016,62.48,93.79686
10.10.2016,62.33,94.3152
07.10.2016,63,95.19413
06.10.2016,62.97,92.30946
05.10.2016,61.44,92.57989
04.10.2016,61.91,93.93208
03.10.2016,61.95,92.3996
30.09.2016,60.96,95.37442
29.09.2016,62.88,97.49285
28.09.2016,62.22,96.36602
27.09.2016,62.6,98.0788
26.09.2016,62.79,97.8985
23.09.2016,63.09,96.81675
22.09.2016,62.09,97.04212
21.09.2016,61.08,97.26748
20.09.2016,60.24,97.1548
19.09.2016,59.49,96.45617
16.09.2016,59.53,96.4111
15.09.2016,58.85,96.9069
14.09.2016,59.73,96.00544
13.09.2016,59.86,95.82515
12.09.2016,58.23,96.2308
09.09.2016,60.76,95.64486
08.09.2016,62.3,95.41949
07.09.2016,62.24,95.87022
06.09.2016,62.89,95.57725
05.09.2016,62.89,96.4111
02.09.2016,61.62,96.9069
01.09.2016,61.49,95.46456
31.08.2016,61.62,95.10398
30.08.2016,61.57,93.0757
29.08.2016,61.31,92.57989
26.08.2016,61.09,91.00234
25.08.2016,61.62,89.21745
24.08.2016,60.94,86.74294
23.08.2016,60.9,87.64891
22.08.2016,60.69,88.22584
19.08.2016,60.72,87.67595
18.08.2016,60.47,86.8376
17.08.2016,60.33,86.56716
16.08.2016,60.57,85.96318
15.08.2016,61.34,85.30512
12.08.2016,61.55,85.68373
11.08.2016,60.85,86.13446
10.08.2016,59.89,84.7372
09.08.2016,59.46,84.25041
08.08.2016,59.1,85.03468
05.08.2016,58.5,84.57493
04.08.2016,57.9,84.7372
03.08.2016,57.99,83.72756
02.08.2016,58.37,83.02442
01.08.2016,58.95,81.67223
29.07.2016,59.67,79.21576
28.07.2016,57.8,79.85129
27.07.2016,56.93,80.59048
26.07.2016,56.7,81.99676
25.07.2016,56.21,83.12358
22.07.2016,55.94,83.23176
21.07.2016,56.16,81.94267
20.07.2016,55.44,81.10431
19.07.2016,55.02,80.09468
18.07.2016,55.51,80.59048
15.07.2016,55.44,80.66711
14.07.2016,55.44,87.09001
13.07.2016,54.5,87.0269
12.07.2016,54.09,85.34117
11.07.2016,52.48,84.28647
08.07.2016,50.12,82.8261
07.07.2016,50.6,81.41081
06.07.2016,51.09,82.0238
05.07.2016,52.75,81.63618
04.07.2016,53.93,82.94329
01.07.2016,53.2,85.76486
30.06.2016,51.58,86.80154
29.06.2016,51.58,87.56778
28.06.2016,50.7,87.07198
27.06.2016,51.21,85.70176
24.06.2016,50.28,87.06296
23.06.2016,57.69,87.28833
22.06.2016,57.7,87.24325
21.06.2016,56.73,88.61347
20.06.2016,56.22,88.59544
17.06.2016,54.21,87.80216
16.06.2016,53.05,87.62187
15.06.2016,54.1,86.36884
14.06.2016,53.11,83.84475
13.06.2016,55,84.8634
10.06.2016,55.86,84.15125
09.06.2016,56.59,83.97096
08.06.2016,56.86,83.52924
07.06.2016,57.32,84.50282
06.06.2016,56.94,82.98836
03.06.2016,58.09,84.20533
02.06.2016,57.72,85.18793
01.06.2016,58,84.5569
31.05.2016,58.26,83.88081
30.05.2016,58.25,82.22212
27.05.2016,57.77,82.55566
26.05.2016,57.73,82.68187
25.05.2016,57.6,81.96972
24.05.2016,55.91,82.57369
23.05.2016,56.17,84.16026
20.05.2016,56,85.32314
19.05.2016,55.625,85.62063
18.05.2016,54.9,86.32376
17.05.2016,55.06,86.42293
16.05.2016,54.53,87.16212
13.05.2016,54.01,86.93676
12.05.2016,54.54,85.56654
11.05.2016,54.7,84.0611
10.05.2016,54.31,82.83512
09.05.2016,53.86,83.40304
06.05.2016,53.42,83.38501
05.05.2016,53.02,81.98774
04.05.2016,55.52,80.64457
03.05.2016,56.5,80.1668
02.05.2016,57.32,79.8603
29.04.2016,58.12,80.80683
28.04.2016,58.48,80.36512
27.04.2016,58.43,80.7888
26.04.2016,59.09,81.8345
25.04.2016,59.4,82.83512
22.04.2016,59.27,83.83574
21.04.2016,59.55,82.86216
20.04.2016,55.695,82.61877
19.04.2016,55.88,82.763
18.04.2016,55.52,84.0611
15.04.2016,56.42,81.98774
14.04.2016,55.9,83.05147
13.04.2016,54.43,82.49256
12.04.2016,53.72,82.90723
11.04.2016,53.08,82.03282
08.04.2016,52.29,81.72632
07.04.2016,52.99,81.48293
06.04.2016,52.39,79.41858
05.04.2016,53.39,80.23891
04.04.2016,53.93,80.05862
01.04.2016,54.75,79.82424
31.03.2016,55.65,80.52738
30.03.2016,54.69,79.8603
29.03.2016,54.04,78.91377
24.03.2016,54.48,78.92278
23.03.2016,55.8,77.09282
22.03.2016,55.17,77.20099
21.03.2016,55.49,76.8314
18.03.2016,55.71,75.45216
17.03.2016,55.8,76.67815
16.03.2016,55.3,77.50749
15.03.2016,55.16,76.75928
14.03.2016,55.77,76.77731
11.03.2016,54.91,76.44377
10.03.2016,55.63,74.50563
09.03.2016,55.91,74.50563
08.03.2016,56.15,73.59516
07.03.2016,55.73,72.20691
04.03.2016,56,73.07231
03.03.2016,55.135,74.4245
02.03.2016,55.12,74.67691
01.03.2016,54.6,76.84041
29.02.2016,53.01,76.60603
26.02.2016,52.38,77.57059
25.02.2016,52.33,77.23705
24.02.2016,52.855,78.78756
23.02.2016,53.12,79.94143
22.02.2016,52.81,78.71995
19.02.2016,53,79.14815
18.02.2016,52.8,78.80559
17.02.2016,50.36,77.07479
16.02.2016,47.925,75.34399
15.02.2016,46.795,74.66789
12.02.2016,46.865,72.65764
11.02.2016,47.79,72.50439
10.02.2016,49.11,74.84818
09.02.2016,49.09,73.51402
08.02.2016,50.92,75.98402
05.02.2016,49.36,74.50563
04.02.2016,48.3725,76.26348
03.02.2016,48.21,74.52366
02.02.2016,49.05,75.353
01.02.2016,49.25,76.06516
29.01.2016,49.18,75.33497
28.01.2016,48.72,77.0838
27.01.2016,48.47,77.0838
26.01.2016,46.48,80.13074
25.01.2016,49.25,81.68125
22.01.2016,48.5,80.92402
21.01.2016,45.935,80.87895
20.01.2016,46.805,79.58986
19.01.2016,47.165,79.91439
18.01.2016,46.63,80.14877
15.01.2016,47.875,80.50034
14.01.2016,48.51,81.23953
13.01.2016,49.525,79.77917
12.01.2016,48.6,78.43599
11.01.2016,49.545,79.63493
08.01.2016,49.395,80.58597
07.01.2016,49.065,80.96008
06.01.2016,51.1,82.15902
05.01.2016,51.25,83.84475
04.01.2016,51.9,83.73658
31.12.2015,53.48,82.60074
30.12.2015,54.12,86.17953
29.12.2015,53.82,87.77511
28.12.2015,53.7,89.1273
24.12.2015,54,87.14409
23.12.2015,52.5,87.2703
22.12.2015,52.14,86.23362
21.12.2015,51.94,85.56654
18.12.2015,53.12,85.69274
17.12.2015,54.11,86.43194
16.12.2015,53.12,86.77449
15.12.2015,52.49,85.62063
14.12.2015,53.51,84.56592
11.12.2015,54.49,83.86278
10.12.2015,54.61,83.08752
09.12.2015,55.46,85.17891
08.12.2015,55.98,85.00763
07.12.2015,55.98,82.58271
04.12.2015,55,83.5653
03.12.2015,57.16,84.70114
02.12.2015,57.73,83.61939
01.12.2015,59.69,83.33092
30.11.2015,58.88,83.49318
27.11.2015,58.56,83.52924
26.11.2015,58.12,81.69026
25.11.2015,57.93,82.53763
24.11.2015,57.8,82.22212
23.11.2015,58.32,80.65358
20.11.2015,58.55,81.10431
19.11.2015,57.95,81.13136
18.11.2015,57.37,79.13012
17.11.2015,57.12,76.49786
16.11.2015,55.415,75.87585
13.11.2015,55.58,75.91191
12.11.2015,57.01,75.60541
11.11.2015,56.91,76.81337
10.11.2015,56.89,75.83528
09.11.2015,57.85,76.45278
06.11.2015,56.99,77.25508
05.11.2015,56.5,77.58862
04.11.2015,55.63,77.17395
03.11.2015,55.4,75.97952
02.11.2015,54.28,76.29052
30.10.2015,54.725,73.36078
29.10.2015,54.6,72.39621
28.10.2015,53.61,71.81928
27.10.2015,54.95,72.95512
26.10.2015,54.59,72.6937
23.10.2015,53.14,70.2868
22.10.2015,50.75,71.77421
21.10.2015,50.2,71.88238
20.10.2015,50.07,72.52242
19.10.2015,50.22,72.47735
16.10.2015,51.54,74.78508
15.10.2015,51.05,73.45994
14.10.2015,51.5,76.07417
13.10.2015,52.61,77.21001
12.10.2015,53.28,77.31818
09.10.2015,52.06,76.84041
08.10.2015,52.195,76.85844
07.10.2015,51.61,78.15654
06.10.2015,51.32,78.39092
05.10.2015,50.1,79.7341
02.10.2015,49.98,78.02132
01.10.2015,50.68,78.1926
30.09.2015,49.995,78.88672
29.09.2015,48.6825,79.22928
28.09.2015,50.62,78.32782
25.09.2015,50.67,78.21964
24.09.2015,51.63,79.41858
23.09.2015,51.29,79.91439
22.09.2015,53.6,79.53577
21.09.2015,53.09,77.59764
18.09.2015,55,76.92154
17.09.2015,56.62,79.64395
16.09.2015,56.13,80.59048
15.09.2015,55.08,82.35734
14.09.2015,55.25,84.41267
11.09.2015,55.76,85.41329
10.09.2015,56.21,86.52209
09.09.2015,56.57,86.45898
08.09.2015,55.23,86.74745
07.09.2015,55.45,87.45059
04.09.2015,55.72,90.50654
03.09.2015,55.75,89.9296
02.09.2015,55.22,90.06482
01.09.2015,55.56,89.91157
31.08.2015,55.88,89.37971
28.08.2015,55.81,88.89292
27.08.2015,55.58,88.03654
26.08.2015,54.58,87.60384
25.08.2015,54.82,84.74621
24.08.2015,54.39,82.97935
21.08.2015,56.38,82.72243
20.08.2015,58.28,83.41205
19.08.2015,59.22,84.37661
18.08.2015,60.25,85.48541
17.08.2015,60.82,85.04369
14.08.2015,60.64,86.9007
13.08.2015,61.69,86.04431
12.08.2015,62.62,86.32376
11.08.2015,64.77,85.1699
10.08.2015,64.41,84.27745
07.08.2015,64.5,84.20533
06.08.2015,64.69,83.96194
05.08.2015,64.29,83.28585
04.08.2015,63.84,79.93242
03.08.2015,63.66,80.23891
31.07.2015,62.8,80.32004
30.07.2015,63.1,79.96847
29.07.2015,60.21,81.78942
28.07.2015,62.53,82.11395
27.07.2015,63.56,82.27621
24.07.2015,63.99,82.65482
23.07.2015,64,84.28647
22.07.2015,63.47,85.44935
21.07.2015,64.5,86.06234
20.07.2015,64.33,87.22522
17.07.2015,64.13,87.72103
16.07.2015,63,85.99022
15.07.2015,64,84.71917
14.07.2015,63.79,82.88019
13.07.2015,63.95,83.88081
10.07.2015,62.87,82.99738
09.07.2015,60.37,83.94391
08.07.2015,59.41,85.7919
07.07.2015,60.52,85.7288
06.07.2015,60.6,84.08814
03.07.2015,62.28,85.27807
02.07.2015,63.2,85.87303
01.07.2015,62.8,86.43194
30.06.2015,62.96,87.4596
29.06.2015,62.63,86.63026
26.06.2015,65.24,86.99084
25.06.2015,65.53,86.84661
24.06.2015,66.17,87.88329
23.06.2015,66.4,87.8292
22.06.2015,64.58,87.72103
19.06.2015,63.2,88.61347
18.06.2015,62.89,88.51431
17.06.2015,63.61,87.93738
16.06.2015,62.73,88.55938
15.06.2015,62.93,87.77511
12.06.2015,64.77,86.36884
11.06.2015,65.18,87.21621
10.06.2015,65.67,84.7372
09.06.2015,65.84,86.77449
08.06.2015,66.99,86.63026
05.06.2015,67.05,87.08099
04.06.2015,67.68,86.32376
03.06.2015,67.5,86.54011
02.06.2015,69.02,86.42293
01.06.2015,69.4,88.46924
29.05.2015,71.2,87.98245
28.05.2015,71,87.35143
27.05.2015,69.665,90.91219
26.05.2015,69.77,91.36292
25.05.2015,70.1,89.83946
22.05.2015,70.46,88.79376
21.05.2015,69.8,89.87552
20.05.2015,70.2,90.55161
19.05.2015,68.84,91.04741
18.05.2015,68.38,89.34365
15.05.2015,69.5,90.86712
14.05.2015,67.89,92.80526
13.05.2015,67.93,92.48975
12.05.2015,67.48,92.94048
11.05.2015,68.27,92.94048
08.05.2015,67.15,91.72351
07.05.2015,67.14,91.408
06.05.2015,67.15,91.76858
05.05.2015,67,91.85873
04.05.2015,67.69,90.59668
30.04.2015,65.3,90.19103
29.04.2015,69.31,91.2277
28.04.2015,70.61,90.50654
27.04.2015,69.5,90.50654
24.04.2015,69.55,88.91095
23.04.2015,70.65,90.64176
22.04.2015,70.24,90.05581
21.04.2015,69.5,90.77697
20.04.2015,69.94,91.31785
17.04.2015,70.63,94.60818
16.04.2015,72.01,94.38281
15.04.2015,72.37,95.44203
14.04.2015,73.14,93.61657
13.04.2015,73.7,92.30946
10.04.2015,74.14,91.9038
09.04.2015,72.97,89.42479
08.04.2015,73.34,89.3076
07.04.2015,74.33,88.85687
02.04.2015,73.27,90.03778
01.04.2015,72,88.91095
31.03.2015,72.13,88.64052
30.03.2015,72.05,88.94701
27.03.2015,72.09,89.83044
26.03.2015,71.47,89.33464
25.03.2015,73.24,89.05519
24.03.2015,73.34,88.70362
23.03.2015,74.2,88.00949
20.03.2015,72.91,88.67657
19.03.2015,73.44,87.45059
18.03.2015,73.7,86.99084
17.03.2015,74.46,86.30574
16.03.2015,73.8,85.62964
13.03.2015,72.07,86.26968
12.03.2015,72.71,85.3592
11.03.2015,70.83,83.79066
10.03.2015,70.75,84.94453
09.03.2015,71.3,84.98059
06.03.2015,71.75,85.33216
05.03.2015,71.18,86.25165
04.03.2015,71.125,85.98121
03.03.2015,71,86.54011
02.03.2015,71.35,85.90909
27.02.2015,71.39,84.14223
26.02.2015,71.35,84.72818
25.02.2015,70.9,84.91749
24.02.2015,71.21,87.52721
23.02.2015,72.1,92.3996
20.02.2015,71.3,90.68683
19.02.2015,69.81,90.10088
18.02.2015,69.575,88.95603
17.02.2015,68.55,88.58643
16.02.2015,69.4,88.2619
13.02.2015,69.26,86.9638
12.02.2015,68,85.1699
11.02.2015,68.305,84.4938
10.02.2015,67.62,83.97096
09.02.2015,67.55,83.43459
06.02.2015,68.16,83.64643
05.02.2015,67.3,85.11581
04.02.2015,68.7,83.6915
03.02.2015,67.57,82.34833
02.02.2015,67.23,82.36636
30.01.2015,67.98,84.0611
29.01.2015,66.6,84.91749
28.01.2015,67.75,84.8003
27.01.2015,68.85,85.04369
26.01.2015,68.23,84.8634
23.01.2015,68,83.83574
22.01.2015,66.785,85.15187
21.01.2015,65.16,83.35796
20.01.2015,64,81.27559
19.01.2015,62.95,80.75274
16.01.2015,61.56,82.69088
15.01.2015,61,83.9349
14.01.2015,60.34,83.54276
13.01.2015,60.35,84.04307
12.01.2015,59.26,83.61939
09.01.2015,59.8,84.9896
08.01.2015,59.64,84.00701
07.01.2015,57.66,84.45774
06.01.2015,57.61,84.7372
05.01.2015,59.47,85.44935
02.01.2015,61.08,84.82734
31.12.2014,60.28,86.99986
30.12.2014,60.655,86.5311
29.12.2014,60.98,86.26968
24.12.2014,61.18,85.00763
23.12.2014,60.195,84.90847
22.12.2014,60.13,82.43847
19.12.2014,61.15,82.05085
18.12.2014,59.64,82.03282
17.12.2014,58.05,80.30201
16.12.2014,57.82,78.81461
15.12.2014,59.05,79.77015
12.12.2014,61.11,79.45464
11.12.2014,61.05,79.95045
10.12.2014,62.23,79.7341
09.12.2014,62.56,78.3188
08.12.2014,63.39,80.90599
05.12.2014,63.65,80.06764
04.12.2014,65.31,79.65296
03.12.2014,64.79,80.11271
02.12.2014,65.83,80.77979
01.12.2014,65.02,79.96847
28.11.2014,65.82,78.78756
27.11.2014,65.79,79.058
26.11.2014,66.15,77.62468
25.11.2014,65.39,78.47205
24.11.2014,64.72,77.85005
21.11.2014,62.32,76.47983
20.11.2014,62.76,77.48946
19.11.2014,62.82,74.50563
18.11.2014,61.85,76.10121
17.11.2014,61.39,74.64085
14.11.2014,61.46,74.61381
13.11.2014,61.64,76.66012
12.11.2014,62.58,75.47921
11.11.2014,61.975,74.74001
10.11.2014,61.68,77.56158
07.11.2014,63.41,78.69742
06.11.2014,62.37,78.96785
05.11.2014,61.95,80.36512
04.11.2014,62.1,82.34833
03.11.2014,62.85,83.71855
31.10.2014,61.78,84.89044
30.10.2014,60.74,84.89946
29.10.2014,61.22,85.06172
28.10.2014,57.98,83.97997
27.10.2014,58.22,85.20595
24.10.2014,58.19,85.06172
23.10.2014,58.2,85.7288
22.10.2014,57.84,86.17953
21.10.2014,55.95,88.61347
20.10.2014,57.17,87.67595
17.10.2014,55.36,88.15373
16.10.2014,55.04,87.82019
15.10.2014,56.68,87.27931
14.10.2014,55.6,87.83822
13.10.2014,54.87,88.27092
10.10.2014,56.53,88.24387
09.10.2014,57.68,88.71263
08.10.2014,57.9,89.0642
07.10.2014,58.66,88.49628
06.10.2014,60.27,87.21621
03.10.2014,59.2,87.0269
02.10.2014,60.045,86.44095
01.10.2014,60.6,85.88205
30.09.2014,60,85.90909
29.09.2014,60.51,86.50406
26.09.2014,60,86.90971
25.09.2014,61.5,86.28771
24.09.2014,60.89,85.58457
23.09.2014,62.04,85.26906
22.09.2014,62.26,83.91687
19.09.2014,63.61,84.74621
18.09.2014,62.78,83.41205
17.09.2014,63.18,82.6999
16.09.2014,63.89,82.95231
15.09.2014,64.145,82.0869
12.09.2014,64.45,80.82486
11.09.2014,64.89,81.32066
10.09.2014,64.81,80.81585
09.09.2014,65.73,79.52676
08.09.2014,65.56,81.20347
05.09.2014,65.2,80.68063
04.09.2014,64.02,81.08628
03.09.2014,64.33,81.87957
02.09.2014,63.98,83.62389
01.09.2014,64.18,83.80869
29.08.2014,64.62,83.9349
28.08.2014,64.81,83.97096
27.08.2014,65.1,84.23238
26.08.2014,64.71,84.98059
25.08.2014,64.36,84.89946
22.08.2014,64.57,83.87179
21.08.2014,63.21,83.22274
20.08.2014,63.36,83.26782
19.08.2014,63.53,83.3219
18.08.2014,63.13,84.42168
15.08.2014,62.79,83.57431
14.08.2014,61.7,84.26844
13.08.2014,61.98,83.83574
12.08.2014,62.71,83.51121
11.08.2014,61.92,85.12482
08.08.2014,60.5,84.87241
07.08.2014,61.49,86.54011
06.08.2014,62,87.72103
05.08.2014,61.98,88.06358
04.08.2014,61.69,86.78351
01.08.2014,63.09,87.08099
31.07.2014,64.42,86.99986
30.07.2014,65.7,87.20719
29.07.2014,68.05,87.18917
28.07.2014,67.88,88.2619
25.07.2014,68.83,88.34303
24.07.2014,67.76,89.05519
23.07.2014,67.56,89.77635
22.07.2014,66.64,89.75833
21.07.2014,67.01,89.9296
18.07.2014,65.81,89.58705
17.07.2014,66.68,89.27154
16.07.2014,66.47,89.15435
15.07.2014,66.76,89.19942
14.07.2014,67,89.03716
11.07.2014,66.1,89.65015
10.07.2014,67.14,89.4969
09.07.2014,66.37,89.62311
08.07.2014,67.92,88.94701
07.07.2014,69.02,88.0726
04.07.2014,69.4,87.26128
03.07.2014,68.15,88.15373
02.07.2014,68.59,88.31599
01.07.2014,68.63,88.00048
30.06.2014,68.98,88.43318
27.06.2014,69.66,87.72103
26.06.2014,69.65,87.87427
25.06.2014,70.3,87.29734
24.06.2014,70.35,85.73782
23.06.2014,71,85.49442
20.06.2014,71.39,84.91749
19.06.2014,70.67,86.17953
18.06.2014,69.58,86.37785
17.06.2014,68.78,86.468
16.06.2014,68.72,88.02752
13.06.2014,69.3,89.65916
12.06.2014,69.84,89.34365
11.06.2014,70.03,87.703
10.06.2014,70.5,87.19818
09.06.2014,70.68,86.62125
06.06.2014,69.66,84.59296
05.06.2014,69,85.58457
04.06.2014,69.11,84.41267
03.06.2014,69.6,84.50282
02.06.2014,68.97,84.25041
30.05.2014,68.33,84.31351
29.05.2014,69.3,85.73782
28.05.2014,69.06,87.32438
27.05.2014,67.97,88.46022
26.05.2014,67.54,89.01913
23.05.2014,66.75,87.62187
22.05.2014,66.35,87.31537
21.05.2014,66.31,86.35982
20.05.2014,67.23,86.33278
19.05.2014,66.5,86.26968
16.05.2014,66.22,86.64829
15.05.2014,67.62,88.96504
14.05.2014,68.23,88.48727
13.05.2014,69.98,88.55938
12.05.2014,68.83,88.75771
09.05.2014,68.5,89.38873
08.05.2014,67.61,88.97406
07.05.2014,66.69,88.47825
06.05.2014,67.99,88.54136
05.05.2014,67.29,89.21745
02.05.2014,67.59,88.30698
30.04.2014,67.39,87.69398
29.04.2014,67.96,87.97344
28.04.2014,67.54,86.36884
25.04.2014,68.37,87.17114
24.04.2014,67.11,86.9638
23.04.2014,66,85.56654
22.04.2014,65.95,85.56654
17.04.2014,65.35,84.20533
16.04.2014,63.75,83.49318
15.04.2014,64.13,79.75212
14.04.2014,63.92,82.05085
11.04.2014,64.94,83.20471
10.04.2014,65.95,83.06048
09.04.2014,64.95,83.26782
08.04.2014,64.42,85.84599
07.04.2014,65.24,86.58519
04.04.2014,65.3,85.87303
03.04.2014,65.1,84.57493
02.04.2014,64.53,85.27807
01.04.2014,64.68,86.9007
31.03.2014,64.53,86.98183
28.03.2014,65.01,87.24325
27.03.2014,65.02,86.23362
26.03.2014,65.09,85.33216
25.03.2014,63.32,86.08037
24.03.2014,64.19,84.94453
21.03.2014,63.5,85.31413
20.03.2014,62.48,86.26968
19.03.2014,62.97,85.63866
18.03.2014,62.98,85.24201
17.03.2014,61.19,85.26004
14.03.2014,61.14,85.32314
13.03.2014,62.52,84.38563
12.03.2014,63.65,84.0611
11.03.2014,65.02,83.71855
10.03.2014,64.59,83.08752
07.03.2014,65.04,82.49256
06.03.2014,65.53,83.07851
05.03.2014,65.5,84.68311
04.03.2014,64.6,84.67409
03.03.2014,63.75,85.58457
28.02.2014,64.62,87.22522
27.02.2014,64.02,88.68559
26.02.2014,65.38,87.3334
25.02.2014,65.32,88.55938
24.02.2014,65.8,88.61347
21.02.2014,65.73,90.07384
20.02.2014,62.85,90.37132
19.02.2014,63.37,90.32624
18.02.2014,63.26,89.8034
17.02.2014,63.035,91.13756
14.02.2014,62.79,89.20844
13.02.2014,62.35,88.16274
12.02.2014,62.58,88.60446
11.02.2014,61.08,87.75709
10.02.2014,60.99,88.68559
07.02.2014,60.25,89.94763
06.02.2014,59.48,89.42479
05.02.2014,58.9,89.31661
04.02.2014,58.82,89.13632
03.02.2014,60.1,90.41639
31.01.2014,60.03,90.41639
30.01.2014,60.29,89.69522
29.01.2014,61.41,88.64953
28.01.2014,60.495,88.27993
27.01.2014,60.98,87.10803
24.01.2014,62.77,85.70176
23.01.2014,63.73,86.10741
22.01.2014,65.18,83.90785
21.01.2014,65.79,84.25942
20.01.2014,65.6,84.11519
17.01.2014,65,84.7372
16.01.2014,64.1,85.35019
15.01.2014,63.42,85.78289
14.01.2014,62.45,84.29548
13.01.2014,63.21,84.5569
10.01.2014,62.2,86.08939
09.01.2014,61.5,87.79314
08.01.2014,61.99,87.79314
07.01.2014,62.4,88.27993
06.01.2014,62.64,88.62249
03.01.2014,63,87.87427
02.01.2014,63.7,87.72103
31.12.2013,63.47,87.04493
30.12.2013,63.64,86.45898
27.12.2013,62.64,86.66632
24.12.2013,61.93,86.70238
23.12.2013,62.1,87.09902
20.12.2013,61.73,86.63928
19.12.2013,60.43,87.13508
18.12.2013,59.88,86.57617
17.12.2013,60.72,85.11581
16.12.2013,58.51,85.67471
13.12.2013,58.31,85.87303
12.12.2013,58.26,85.51245
11.12.2013,59.03,84.76424
10.12.2013,59.79,83.6284
09.12.2013,59.84,83.40304
06.12.2013,58.11,84.58395
05.12.2013,59.27,84.91749
04.12.2013,60.08,83.79066
03.12.2013,61.75,84.98059
02.12.2013,62.57,84.32252
29.11.2013,61.94,84.5569
28.11.2013,62.44,84.01603
27.11.2013,61.51,83.92588
26.11.2013,61.5,82.93428
25.11.2013,61.21,81.54603
22.11.2013,59.5,81.68125
21.11.2013,59.95,80.94205
20.11.2013,60.43,80.7888
19.11.2013,61.94,81.50997
18.11.2013,61.45,82.19508
15.11.2013,61.22,81.90661
14.11.2013,61.88,82.57369
13.11.2013,61.08,80.25694
12.11.2013,61.94,80.59048
11.11.2013,61.76,80.86993
08.11.2013,61.94,81.14939
07.11.2013,62.01,81.0322
06.11.2013,61.77,82.36636
05.11.2013,62.76,82.50158
04.11.2013,62.24,80.73472
01.11.2013,62.23,80.15778
31.10.2013,61.11,81.31165
30.10.2013,61.56,81.35672
29.10.2013,61.31,80.86092
28.10.2013,62.66,80.7888
25.10.2013,60.65,80.96008
24.10.2013,62.61,81.44687
23.10.2013,62.38,81.50997
22.10.2013,62.1,80.33807
21.10.2013,62.07,79.04899
18.10.2013,61.155,79.22026
17.10.2013,61,78.33683
16.10.2013,62.14,79.02194
15.10.2013,62.15,79.19322
14.10.2013,62.31,78.76953
11.10.2013,62.66,78.38191
10.10.2013,60.945,76.47983
09.10.2013,60.68,74.72198
08.10.2013,61.04,73.91067
07.10.2013,60.68,73.80249
04.10.2013,60.5,73.03625
03.10.2013,61.62,73.36979
02.10.2013,63.8,73.52304
01.10.2013,62.7,73.13541
